{
  "levels": [
    {
      "name": "hamlet",
      "priority": 1,
      "markers": [
        "thôn",
        "thon",
        "ấp",
        "ap",
        "tổ",
        "to",
        "khu",
        "cum"
      ]
    },
    {
      "name": "block",
      "priority": 2,
      "markers": [
        "khu phố",
        "khu pho",
        "kp",
        "k.p",
        "khu p",
        "khu vuc"
      ]
    },
    {
      "name": "ward",
      "priority": 3,
      "markers": [
        "phường",
        "phuong",
        "p.",
        "ph.",
        "ph",
        "px",
        "phueong"
      ]
    },
    {
      "name": "commune",
      "priority": 3,
      "markers": [
        "xã",
        "xa",
        "x.",
        "x",
        "xa.",
        "xa "
      ]
    },
    {
      "name": "town",
      "priority": 4,
      "markers": [
        "thị trấn",
        "thi tran",
        "thi trấn",
        "thi tran.",
        "thị xã",
        "thi xa",
        "t.x",
        "tx"
      ]
    },
    {
      "name": "district",
      "priority": 4,
      "markers": [
        "huyện",
        "huyen",
        "quận",
        "quan",
        "q.",
        "q "
      ]
    },
    {
      "name": "province",
      "priority": 5,
      "markers": [
        "tỉnh",
        "tinh",
        "thành phố",
        "thanh pho",
        "tp.",
        "tp ",
        "t.p"
      ]
    }
  ]
}
